sampling_steps,final_translation_aligned_rms
1,0.09465480595827103
2,0.09142747521400452
4,0.10840843617916107
8,0.13618144392967224
16,0.18341538310050964
32,0.21078059077262878
100,0.22990556061267853
