seed,final_flow_loss,exact_teacher_target_retrieval,target_orbit_distance_mean,target_orbit_distance_other_mean,between_exact_property,within_exact_property,between_within_exact_property_ratio,common_noise_representative_coordinate_rms,sampling_failures
5101,0.0711403340101242,0.0,1.8387274742126465,1.5610921382904053,2.341010093688965,0.09860985726118088,23.740121841430664,0.0025552965234965086,0
5102,0.07453204691410065,0.5,0.6435539126396179,0.783069372177124,2.388759136199951,0.12741072475910187,18.748493194580078,0.00258528720587492,0
5103,0.08473353087902069,0.5,0.9736109972000122,0.9992443323135376,2.4193167686462402,0.11465808004140854,21.10027313232422,0.003687749383971095,0
