{
  "active_vocabulary_size": 76,
  "active_vocabulary_tokens": [
    0,
    2,
    3,
    4,
    5,
    6,
    7,
    8,
    10,
    11,
    12,
    13,
    14,
    15,
    16,
    18,
    19,
    20,
    21,
    22,
    23,
    24,
    25,
    26,
    27,
    28,
    29,
    30,
    31,
    32,
    33,
    34,
    36,
    37,
    38,
    39,
    40,
    41,
    43,
    44,
    45,
    46,
    47,
    48,
    49,
    50,
    51,
    52,
    54,
    55,
    56,
    57,
    58,
    59,
    61,
    62,
    63,
    64,
    65,
    66,
    67,
    68,
    69,
    70,
    71,
    72,
    73,
    74,
    75,
    76,
    77,
    78,
    79,
    80,
    81,
    82
  ],
  "boundary": "This protocol cannot qualify site assignment, free joint H1a, L1/M1, tensor/oracle work, relaxation, DFT or DFPT.",
  "cache_manifest_sha256": "6cb3b57776fcbb8db2dc45a0beb9ecd8b3f54732d412c4f03095940919b467da",
  "checks": {
    "atom_count": true,
    "count_partition": false,
    "element_marginal": false,
    "element_recall": true,
    "finite_gradients": true,
    "invalid_compositions": true,
    "memory": true,
    "sampling_failures": true,
    "support_size": false,
    "throughput": true,
    "validation_nll": false
  },
  "decision": "stop before assignment and distinguish optimization from insufficient p(C|N) context; do not return to independent site-token diffusion",
  "final_initial_validation_nll_ratio": 0.8369004842530029,
  "final_validation": {
    "mean_counts_nll": 3.771103859851711,
    "mean_species_nll": 11.387872936375333,
    "mean_support_nll": 0.8017172158046921,
    "mean_total_nll": 15.960694068077052
  },
  "initial_validation": {
    "mean_counts_nll": 3.2123808078856264,
    "mean_species_nll": 13.731929934533287,
    "mean_support_nll": 2.126886300905056,
    "mean_total_nll": 19.07119707586641
  },
  "protocol": "h1a_e1_sparse_composition_prior_v1",
  "protocol_sha256": "b11598e09367d33271d2872f06c9d0bb20508ff2c9c5eff6dc50511cc6dac863",
  "q0_result_sha256": "f91639b696eba22d8d69d9f16849a8a830cf6c9caaf2631c9597fd72a4151fa7",
  "qualified": false,
  "sampling": {
    "atom_count_preservation": 1.0,
    "count_partition_total_variation": 0.8534212085308057,
    "element_marginal_jsd": 0.05594661254009164,
    "invalid_compositions": 0,
    "paired_composition_overlap_diagnostic": 0.03891851007938385,
    "paired_exact_composition_accuracy_diagnostic": 1.4810426364419982e-05,
    "sampled_formula_unique_fraction": 0.9479857819905213,
    "sampling_failures": 0,
    "successful_graphs": 67520,
    "support_size_total_variation": 0.1102488151658768,
    "supported_element_recall": 1.0,
    "supported_elements": 76
  },
  "seed": 5705,
  "training": {
    "checkpoint": "/mnt/e/DATA/T2C-Flow/runs/h1a_e1_sparse_composition_prior_v1/seed_5705/step_002111.pt",
    "checkpoint_sha256": "731a32e9ff1855f9753be209b4e45b8d21dfe8648928762046f9c8c8c8594a30",
    "clip_fraction": 1.0,
    "cuda": "12.4",
    "data_passes": 1.0,
    "device": "NVIDIA GeForce RTX 4060 Ti",
    "final_loss": 12.680633544921875,
    "graph_presentations": 540164,
    "graphs_per_second": 23104.538438343094,
    "peak_cuda_memory_mib": 50.39599609375,
    "steps": 2111,
    "torch": "2.5.1+cu124"
  }
}
