{
  "boundary": "Restricted P1 direct-condition rollout with held-out target tensors and observed node counts. Composition, assignment, lattice and coordinates are generated, but this is not parent-conditioned OOD Stage E, Stage F, relaxation, DFT or DFPT.",
  "checks": {
    "finite_positive_lattice": true,
    "minimum_distance": false,
    "nn_retention": false,
    "sampling_failures": true,
    "tensor_orbit_improvement": false,
    "volume_retention": true
  },
  "metrics": {
    "base": {
      "finite_positive_lattice_fraction": 1.0,
      "mean_tensor_orbit_error": 1.066726565361023,
      "minimum_distance_fraction_at_0_5_angstrom": 1.0,
      "normalized_nearest_neighbor_wasserstein": 0.2487665702543831,
      "normalized_volume_wasserstein": 0.33600470059585485,
      "sampling_failures": 0
    },
    "conditioned": {
      "finite_positive_lattice_fraction": 1.0,
      "mean_tensor_orbit_error": 1.403885841369629,
      "minimum_distance_fraction_at_0_5_angstrom": 0.984375,
      "normalized_nearest_neighbor_wasserstein": 0.366398743214213,
      "normalized_volume_wasserstein": 0.31868338740559454,
      "sampling_failures": 0
    }
  },
  "paired_conditioned_minus_base_orbit_error_interval_95": [
    -0.003942613024264574,
    0.769720196723938
  ],
  "protocol_sha256": "15c7c888466bbb2fc94711a486d14248ba5cd4ec6c65828d6285b735d50a4c00",
  "qualified": false,
  "schema": "gaugeflow.stage_e_e0_paired_rollout.v1",
  "selected_validation_indices": [
    4,
    244,
    320,
    373,
    343,
    375,
    250,
    156,
    309,
    325,
    54,
    27,
    102,
    164,
    332,
    66,
    229,
    78,
    238,
    16,
    330,
    355,
    220,
    341,
    37,
    307,
    137,
    121,
    258,
    265,
    376,
    267,
    370,
    93,
    24,
    185,
    300,
    217,
    366,
    191,
    276,
    313,
    97,
    111,
    180,
    6,
    249,
    381,
    2,
    154,
    50,
    211,
    260,
    362,
    123,
    380,
    147,
    64,
    340,
    310,
    321,
    338,
    99,
    197
  ],
  "stage_c_checkpoint_sha256": "8807877bbdcc61090a431dc5cd146ed62bf545b2a65425ff8bb16c8d0d317bf9",
  "stage_d_checkpoint_sha256": "67dd8e8a4624fe87b6df2bc2580adfe04b777dfbad001102e7ecb2f6059a8497",
  "stage_e_checkpoint_sha256": "19392da08eb5d92ef3a4e7a799359983a62c6fd59a572d9f2d14475b68676b32"
}
