{
  "arm": "orbit_mimic_centered_adapter",
  "boundary": "One-seed Stage-E mechanism repair. Null graphs use byte-frozen Stage-C blocks; conditioned graphs use exact-initialized trainable copies of the final two blocks plus the atlas/query and a gated lattice-chart residual. This cannot qualify full Stage E/F, relaxation, DFT or DFPT.",
  "checkpoint_sha256": "8029015342987360b5847d3e95b32eba40850c49a1db791c217d7f3ebf199d92",
  "device": "NVIDIA GeForce RTX 4090",
  "schema": "gaugeflow.stage_e_e0_result.v1",
  "steps": 1000,
  "trainable_parameters": 9753837,
  "validation": {
    "aligned_tensor_norm": 0.027731450856663287,
    "atlas_gate": 0.013193816418151982,
    "condition_norm": 3.6154305022209883,
    "fine": 2.4717784845270216,
    "null_retention": 4.4733997235646417e-10,
    "orbit_mimic": 0.0014678278759550152,
    "posterior_information": 0.00018709892916390913,
    "representative_response": 4.9915614669274015e-06,
    "rotated_fine": 2.4849708592519164,
    "target_swap_separation": 0.20668373676016927,
    "unique_candidates": 6438.4375
  }
}
