{
  "critical_path_seconds_per_step": 1.3893705177761149,
  "exact_parameter_replication": true,
  "final_global_losses": {
    "alex": 1.4252985119819641,
    "gradient_norm": 1.8844506740570068,
    "lemat": 2.16399484872818,
    "matpes": 0.541655883193016
  },
  "global_batch_per_stream": 64,
  "graphs_per_second": 138.19207874608085,
  "mean_compute_seconds_by_rank": [
    1.1221950077451766,
    1.0962164830125403
  ],
  "mean_data_seconds_by_rank": [
    0.26715116648119874,
    0.2931540347635746
  ],
  "model_digests": [
    "b1b7e894f473349df70e70461317c9abcec8318cbe8718d769b26df22765a29f",
    "b1b7e894f473349df70e70461317c9abcec8318cbe8718d769b26df22765a29f"
  ],
  "peak_cuda_memory_mib_by_rank": [
    7765.60400390625,
    7707.51806640625
  ],
  "schema": "gaugeflow.stage_c_training_execution_profile.v1",
  "scope": "bounded real-data execution profile; no training qualification",
  "steps": 4,
  "strategy": "legacy",
  "warmup_steps": 1,
  "world_size": 2
}
