{
  "actual_coordinate_mse": 5.386120478755483e-08,
  "affine_forward_relative_error": 0.00026879396226358985,
  "checks": {
    "actual_coordinate_mse": true,
    "affine_forward": true,
    "parameters_restored_exactly": true,
    "quotient_rank": true,
    "target_projection": true,
    "tensor_candidates": true
  },
  "combined": {
    "condition_number": 34959983.40879783,
    "effective_rank": 2.233659099341965,
    "eigenvalues": [
      2.0299732279138207e-07,
      3.974995048565902e-07,
      5.39184993101489e-07,
      1.1035848776415406e-06,
      1.3148581848837277e-06,
      2.841945710552843e-06,
      3.896004872722495e-06,
      4.276561432844958e-06,
      6.932604279057015e-06,
      9.018979714329173e-06,
      1.0665872338070422e-05,
      1.6267213398170606e-05,
      1.9303380126958564e-05,
      3.266077969085167e-05,
      3.50274087470155e-05,
      4.704437169172445e-05,
      0.00011219735483931755,
      0.0001249682306735323,
      0.00017400434486957193,
      0.0002884824291466021,
      0.0008047669621856331,
      0.00202824726206324,
      0.003390471646973181,
      0.004923853676427182,
      0.03251692979568079,
      0.07185711548392192,
      0.19926345577519772,
      0.5214647210775775,
      1.3974246909155859,
      7.0967830368170945
    ],
    "maximum_eigenvalue": 7.0967830368170945,
    "minimum_active_eigenvalue": 2.0299732279138207e-07,
    "nullity": 0,
    "output_dimension": 30,
    "parameter_dimension": 225,
    "rank": 30,
    "target_projection_relative_residual": 1.1235341510997681e-15
  },
  "decision": "affine_readout_spans_target_qualify_two_timescale_optimization",
  "decision_boundary": "This one-state no-training audit cannot qualify H1a, initialize production, add steps or seeds, or authorize H1b-H6, tensor conditioning, oracle work, relaxation, DFT or DFPT.",
  "graph_index": 521337,
  "groups": {
    "edge": {
      "condition_number": 36140450.050262496,
      "effective_rank": 2.2329802888655625,
      "eigenvalues": [
        1.9633314228750604e-07,
        3.743995283889987e-07,
        5.229364079536432e-07,
        1.0773337560989437e-06,
        1.2811032061562597e-06,
        2.822467728923555e-06,
        3.747395849876321e-06,
        4.2517029682469474e-06,
        6.3616353828357725e-06,
        8.94372082021908e-06,
        1.0482635698690256e-05,
        1.608721529172338e-05,
        1.9270913800924933e-05,
        3.240803437101248e-05,
        3.4023591510584616e-05,
        4.674543344779978e-05,
        0.00011036384658746445,
        0.00012294776733315702,
        0.00017360262159712655,
        0.0002875836718620512,
        0.0008047012601490334,
        0.002027232125862942,
        0.0033807368014613336,
        0.004920665359073997,
        0.03247945338315852,
        0.07171776364179364,
        0.1991545238057852,
        0.5212170643186562,
        1.395876675505203,
        7.095568122052691
      ],
      "maximum_eigenvalue": 7.095568122052691,
      "minimum_active_eigenvalue": 1.9633314228750604e-07,
      "nullity": 0,
      "output_dimension": 30,
      "parameter_dimension": 193,
      "rank": 30,
      "target_projection_relative_residual": 8.109266425956949e-16
    },
    "vector": {
      "condition_number": 717787111.3158262,
      "effective_rank": 2.2511234588741336,
      "eigenvalues": [
        3.3460546033514084e-12,
        1.1505618793726688e-11,
        2.05000672278364e-11,
        3.22886682379769e-11,
        5.261845665115112e-11,
        6.262914859610283e-11,
        1.3548951268177613e-10,
        1.471037266796655e-10,
        2.0612814625718717e-10,
        4.8780660125226e-10,
        5.875271875838124e-10,
        6.662587211494247e-10,
        9.20564068006595e-10,
        1.415120983050317e-09,
        2.4776966205955408e-09,
        2.966389680305221e-09,
        3.360575556081607e-09,
        5.081616837967608e-09,
        1.6659486370311283e-08,
        2.6002490324078046e-08,
        3.140404052769063e-08,
        1.2299475043881647e-07,
        1.3734010015939612e-07,
        3.7100050079802276e-07,
        6.295651721740764e-07,
        1.1101734182311072e-05,
        1.755765089066193e-05,
        0.0003171383334174031,
        0.0005694958167489001,
        0.00240175486804463
      ],
      "maximum_eigenvalue": 0.00240175486804463,
      "minimum_active_eigenvalue": 3.3460546033514084e-12,
      "nullity": 0,
      "output_dimension": 30,
      "parameter_dimension": 32,
      "rank": 30,
      "target_projection_relative_residual": 1.1292496652275611e-15
    }
  },
  "initial_coordinate_mse": 0.7454572393973398,
  "linear_coordinate_mse": 5.045887113951211e-16,
  "nodes": 11,
  "protocol": "h1a_coordinate_exact_quotient_readout_audit_v2",
  "readout_parameter_norm": 0.8003559640387103,
  "readout_step_norm": 2079.195874261065
}
