{
  "decision_boundary": "If low-noise teacher-forced calibration remains weak, repair representation/optimization. If calibration is strong but step refinement is nonconvergent, audit the torus reverse kernel. This diagnostic cannot authorize more training, H1b, tensor conditioning, oracle, relaxation, DFT or DFPT.",
  "protocol": "h1a_rao_blackwell_causal_audit_v1",
  "sampler_sensitivity": {
    "5601": [
      {
        "fraction_at_least_threshold": 1.0,
        "mean_terminal_coordinate_step_rms": 0.009328759275376797,
        "minimum_distance_quantiles_angstrom": [
          1.2067146301269531,
          1.2426815950870513,
          1.3371974170207976,
          2.0798020362854004,
          2.7365021467208863,
          2.807823896408081
        ],
        "steps": 25,
        "time_grid": "uniform_time"
      },
      {
        "fraction_at_least_threshold": 1.0,
        "mean_terminal_coordinate_step_rms": 0.007652714150026441,
        "minimum_distance_quantiles_angstrom": [
          1.2795103788375854,
          1.313401551246643,
          1.4342237949371337,
          2.2231351137161255,
          2.681453514099121,
          2.946007251739502
        ],
        "steps": 50,
        "time_grid": "uniform_time"
      },
      {
        "fraction_at_least_threshold": 1.0,
        "mean_terminal_coordinate_step_rms": 0.00747108890209347,
        "minimum_distance_quantiles_angstrom": [
          0.9618916511535645,
          1.0671494960784913,
          1.3122907340526582,
          2.1110496520996094,
          2.7445327043533325,
          3.1153433322906494
        ],
        "steps": 100,
        "time_grid": "uniform_time"
      },
      {
        "fraction_at_least_threshold": 1.0,
        "mean_terminal_coordinate_step_rms": 0.007070113671943545,
        "minimum_distance_quantiles_angstrom": [
          0.9586727619171143,
          1.038435878753662,
          1.2720809400081634,
          1.8323628306388855,
          2.689069056510925,
          3.0966038703918457
        ],
        "steps": 200,
        "time_grid": "uniform_time"
      }
    ]
  },
  "score_calibration": {
    "5601": [
      {
        "endpoint_rms_angstrom": 0.046126183304345474,
        "oracle_endpoint_rms_angstrom": 2.5533663178186617e-07,
        "prediction_target_cosine": 0.5150041228899708,
        "prediction_to_target_norm": 0.6147999294052832,
        "score_explained_fraction": 0.2552700558794756,
        "score_mse_per_component": 24309.044640470463,
        "time": 0.005,
        "zero_score_mse_per_component": 32641.42234696605
      },
      {
        "endpoint_rms_angstrom": 0.04589607671489825,
        "oracle_endpoint_rms_angstrom": 2.365623370306349e-07,
        "prediction_target_cosine": 0.5528139904554713,
        "prediction_to_target_norm": 0.6161656026140441,
        "score_explained_fraction": 0.30158987719872665,
        "score_mse_per_component": 22870.444800855385,
        "time": 0.01,
        "zero_score_mse_per_component": 32746.43945469126
      },
      {
        "endpoint_rms_angstrom": 0.05061704739231299,
        "oracle_endpoint_rms_angstrom": 2.537337904372228e-07,
        "prediction_target_cosine": 0.5503121723141078,
        "prediction_to_target_norm": 0.6257054118165202,
        "score_explained_fraction": 0.2971593652314066,
        "score_mse_per_component": 22488.633787757284,
        "time": 0.02,
        "zero_score_mse_per_component": 31996.77519379845
      },
      {
        "endpoint_rms_angstrom": 0.05408147801016035,
        "oracle_endpoint_rms_angstrom": 2.2798257421060566e-07,
        "prediction_target_cosine": 0.5740206864694536,
        "prediction_to_target_norm": 0.6287427771782566,
        "score_explained_fraction": 0.32650527098602766,
        "score_mse_per_component": 15152.715316760225,
        "time": 0.05,
        "zero_score_mse_per_component": 22498.639802191927
      },
      {
        "endpoint_rms_angstrom": 0.06702271700230968,
        "oracle_endpoint_rms_angstrom": 2.3118999006208954e-07,
        "prediction_target_cosine": 0.587125391991776,
        "prediction_to_target_norm": 0.661544500352532,
        "score_explained_fraction": 0.33917805125648814,
        "score_mse_per_component": 9129.095094894414,
        "time": 0.1,
        "zero_score_mse_per_component": 13814.757685110933
      },
      {
        "endpoint_rms_angstrom": 0.10069437628302742,
        "oracle_endpoint_rms_angstrom": 2.439877650468968e-07,
        "prediction_target_cosine": 0.6155566817924474,
        "prediction_to_target_norm": 0.6586112794935558,
        "score_explained_fraction": 0.37705630236203,
        "score_mse_per_component": 3374.866212242716,
        "time": 0.2,
        "zero_score_mse_per_component": 5417.610331462176
      },
      {
        "endpoint_rms_angstrom": 0.43880787207938493,
        "oracle_endpoint_rms_angstrom": 2.3714170655482433e-07,
        "prediction_target_cosine": 0.5499596345242498,
        "prediction_to_target_norm": 0.5918330362820095,
        "score_explained_fraction": 0.3007022438199469,
        "score_mse_per_component": 252.8674694266239,
        "time": 0.5,
        "zero_score_mse_per_component": 361.60200314087143
      },
      {
        "endpoint_rms_angstrom": 2.6199603750057054,
        "oracle_endpoint_rms_angstrom": 2.208860122329633,
        "prediction_target_cosine": 0.05891991484015847,
        "prediction_to_target_norm": 0.14706872446242608,
        "score_explained_fraction": -0.004298654775519273,
        "score_mse_per_component": 0.3098683014364684,
        "time": 0.9,
        "zero_score_mse_per_component": 0.3085419859550943
      }
    ]
  },
  "source_protocol": "h1a_p1_rao_blackwell_quotient_target_v1",
  "train_reference_geometry": {
    "fraction_at_least_threshold": 1.0,
    "graphs": 4096,
    "quantiles_angstrom": [
      0.7520890235900879,
      1.4197698295116425,
      1.8437375724315643,
      2.687246084213257,
      3.4155259132385254,
      5.05427885055542
    ],
    "threshold_angstrom": 0.5
  }
}
