{
  "checkpoint": "/mnt/e/DATA/T2C-Flow/runs/h1a_coordinate_pretraining_v1/seed_5705/checkpoint_step_00008441.pt",
  "checks": {
    "coordinate_validation": false,
    "sampling_failures": true,
    "t005_teacher_forced": false,
    "t01_rollout": true,
    "t01_teacher_forced": true,
    "t02_rollout": true,
    "tensor_candidates": true
  },
  "decision": "coordinate_pretraining_failed_stop_before_joint_training",
  "decision_boundary": "No extra seed or step may rescue failure. No result authorizes H1b, tensor conditioning, oracle work, relaxation, DFT or DFPT.",
  "posthoc_high_noise_score_diagnostic": [
    {
      "endpoint_rms_angstrom": 0.10706472847818908,
      "oracle_endpoint_rms_angstrom": 2.388408178212657e-07,
      "prediction_target_cosine": 0.5769135610421479,
      "prediction_to_target_norm": 0.5536937588624175,
      "score_explained_fraction": 0.33229007480011563,
      "score_mse_per_component": 3996.2209772478072,
      "time": 0.2,
      "zero_score_mse_per_component": 5984.965666118421
    },
    {
      "endpoint_rms_angstrom": 0.4429218069731782,
      "oracle_endpoint_rms_angstrom": 2.4112057287991227e-07,
      "prediction_target_cosine": 0.4946857263106574,
      "prediction_to_target_norm": 0.49489485497288416,
      "score_explained_fraction": 0.2447139148005708,
      "score_mse_per_component": 261.44700863486844,
      "time": 0.5,
      "zero_score_mse_per_component": 346.15626284950656
    },
    {
      "endpoint_rms_angstrom": 2.583423821853857,
      "oracle_endpoint_rms_angstrom": 2.1769563867587998,
      "prediction_target_cosine": 0.05948002017929581,
      "prediction_to_target_norm": 0.08787440583362925,
      "score_explained_fraction": 0.0027316135306574285,
      "score_mse_per_component": 0.2731723994539495,
      "time": 0.9,
      "zero_score_mse_per_component": 0.27392064479359407
    }
  ],
  "protocol": "h1a_coordinate_pretraining_v1",
  "qualified": false,
  "rollout_closure": [
    {
      "endpoint_rms_quantiles_angstrom": [
        0.023396415635943413,
        0.07641015201807022,
        0.10413082763552667,
        0.10623965710401535,
        0.11976680159568787
      ],
      "failure": null,
      "mean_endpoint_rms_angstrom": 0.07207649946212769,
      "sampling_failures": 0,
      "start_time": 0.1,
      "steps": 100
    },
    {
      "endpoint_rms_quantiles_angstrom": [
        0.01786786876618862,
        0.1093880757689476,
        0.17858070433139805,
        0.19144219383597375,
        0.21290834248065948
      ],
      "failure": null,
      "mean_endpoint_rms_angstrom": 0.11005760729312897,
      "sampling_failures": 0,
      "start_time": 0.2,
      "steps": 100
    }
  ],
  "score_calibration": [
    {
      "endpoint_rms_angstrom": 0.0463972409134883,
      "oracle_endpoint_rms_angstrom": 2.40260037025374e-07,
      "prediction_target_cosine": 0.49270361704071114,
      "prediction_to_target_norm": 0.4888205540730558,
      "score_explained_fraction": 0.24274178824071324,
      "score_mse_per_component": 25577.433388157893,
      "time": 0.005,
      "zero_score_mse_per_component": 33776.369791666664
    },
    {
      "endpoint_rms_angstrom": 0.04712106878036599,
      "oracle_endpoint_rms_angstrom": 2.3565841573363797e-07,
      "prediction_target_cosine": 0.5078222467876768,
      "prediction_to_target_norm": 0.5072000178439611,
      "score_explained_fraction": 0.2578830451228713,
      "score_mse_per_component": 24921.074013157893,
      "time": 0.01,
      "zero_score_mse_per_component": 33581.06003289474
    },
    {
      "endpoint_rms_angstrom": 0.052115646566917466,
      "oracle_endpoint_rms_angstrom": 2.130003504639118e-07,
      "prediction_target_cosine": 0.4798456014348395,
      "prediction_to_target_norm": 0.4930445029547973,
      "score_explained_fraction": 0.23007757221176117,
      "score_mse_per_component": 23446.109375,
      "time": 0.02,
      "zero_score_mse_per_component": 30452.56058114035
    },
    {
      "endpoint_rms_angstrom": 0.05548908653542673,
      "oracle_endpoint_rms_angstrom": 2.30000293264806e-07,
      "prediction_target_cosine": 0.5276144947641588,
      "prediction_to_target_norm": 0.5301184366563898,
      "score_explained_fraction": 0.278370741689256,
      "score_mse_per_component": 15853.836759868422,
      "time": 0.05,
      "zero_score_mse_per_component": 21969.503837719298
    },
    {
      "endpoint_rms_angstrom": 0.06740092922867834,
      "oracle_endpoint_rms_angstrom": 2.2484705989357016e-07,
      "prediction_target_cosine": 0.5496383947477226,
      "prediction_to_target_norm": 0.5517604987941062,
      "score_explained_fraction": 0.30209788396545734,
      "score_mse_per_component": 9646.926809210527,
      "time": 0.1,
      "zero_score_mse_per_component": 13822.750479714912
    }
  ],
  "seed": 5705,
  "training": {
    "data_passes": 1.0,
    "final_logged_coordinate_loss": 0.38216328620910645,
    "graph_presentations": 540164,
    "peak_cuda_memory_mib": 2216.3720703125,
    "steps": 8441,
    "training_log_finite": true
  },
  "validation": {
    "coordinate": 0.5493714865297079,
    "element": 4.746577709913254,
    "shape": 1.217309795320034,
    "tensor_candidate_count": 0.0,
    "total": 7.557902157306671,
    "volume": 1.044643111526966
  },
  "validation_curve": {
    "0": {
      "coordinate": 1.0367463566362858,
      "element": 4.767755031585693,
      "shape": 1.217354528605938,
      "tensor_candidate_count": 0.0,
      "total": 8.182675987482071,
      "volume": 1.1608200445771217
    },
    "1250": {
      "coordinate": 0.6920382082462311,
      "element": 4.750955879688263,
      "shape": 1.2113242894411087,
      "tensor_candidate_count": 0.0,
      "total": 7.8134715259075165,
      "volume": 1.1591531969606876
    },
    "5000": {
      "coordinate": 0.5894426368176937,
      "element": 4.747128427028656,
      "shape": 1.219629768282175,
      "tensor_candidate_count": 0.0,
      "total": 7.636128485202789,
      "volume": 1.0799276642501354
    },
    "8441": {
      "coordinate": 0.5493714865297079,
      "element": 4.746577709913254,
      "shape": 1.217309795320034,
      "tensor_candidate_count": 0.0,
      "total": 7.557902157306671,
      "volume": 1.044643111526966
    }
  }
}
