{
  "checks": {
    "condition_number": false,
    "cuda": true,
    "effective_rank": false,
    "finite_forward_backward": true,
    "moment_gradient_balance": false,
    "node_permutation_equivariance": true,
    "o3_covariance": true,
    "parameter_count": true,
    "quotient_tangent_full_rank": true,
    "tensor_candidates": true,
    "translation_invariance": true
  },
  "cuda_benchmark": {
    "finite": true,
    "graphs_per_second": 446.20530785935995,
    "peak_allocated_mib": 1586.42724609375
  },
  "decision": "cartesian_moment_head_failed_remove_before_training",
  "decision_boundary": "Qualification cannot authorize more states, resampled time, H1b-H6, tensor, oracle, relaxation, DFT or DFPT.",
  "graph_index": 521337,
  "initial_coordinate_mse": 0.7454586625099182,
  "moment_to_central_gradient_norm_ratio": 0.0005878343237808365,
  "nodes": 11,
  "operator_numeric": {
    "finite_forward_backward": true,
    "node_permutation_equivariance_max_abs": 2.468004822731018e-07,
    "o3_covariance_max_abs": 1.7881393432617188e-07,
    "translation_invariance_max_abs": 2.635642886161804e-07
  },
  "protocol": "h1a_cartesian_moment_score_head_v1",
  "qualified": false,
  "quotient_dimension": 30,
  "tangent": {
    "condition_number": 23086333.74902245,
    "effective_rank": 2.2696339586628054,
    "eigenvalues": [
      4.000203438504671e-11,
      4.519801701299573e-11,
      5.372096451591208e-11,
      2.3608835380332837e-06,
      6.027750204061445e-06,
      8.656150611384268e-06,
      1.2534442529340696e-05,
      1.712072935636061e-05,
      3.289680718557455e-05,
      3.8814253305080515e-05,
      5.4195015438474926e-05,
      8.222664663213249e-05,
      0.00010753756345508585,
      0.0001519034392495914,
      0.00017951534611966054,
      0.0002250224557890427,
      0.0003042664376492695,
      0.00045345084260224654,
      0.0005366864695081599,
      0.0011256976905855561,
      0.0012305962021432362,
      0.0014336259033900602,
      0.0027840277060946646,
      0.0057482112405533485,
      0.018339192548557575,
      0.02451013480114138,
      0.03640290375109748,
      0.24992362586206274,
      0.5917267950896304,
      1.3529417480529708,
      4.4262031031511,
      11.361005898993568,
      54.50414530160932
    ],
    "maximum_eigenvalue": 54.50414530160932,
    "minimum_active_eigenvalue": 2.3608835380332837e-06,
    "nullity": 3,
    "output_dimension": 33,
    "tangent_rank": 30
  }
}
