{
  "cache_protocol": "h1a_p1_structure_cache_v1",
  "decision": "diagnostics_only_pending_path_and_gradient_audits",
  "edge_census": {
    "additional_repeated_pair_edges": 3283773,
    "cutoff_angstrom": 8.0,
    "n1_nonempty_fraction": 1.0,
    "n1_rows": 152,
    "old_closest_pair_edges": 424160,
    "old_edges_outside_cutoff": 2232,
    "peak_cuda_memory_bytes": 107929600,
    "periodic_radius_edges": 3739440,
    "sample_rows": 4096,
    "self_image_edges": 363118,
    "wall_seconds": 1.5666063300000186
  },
  "protocol": "h1a_generator_substrate_audit_v1",
  "qualified": false,
  "terminal_mixing": {
    "epsilon_mix_quantiles": {
      "max": 0.8780053853988647,
      "p50": 0.003163855173625052,
      "p90": 0.08542623892426493,
      "p99": 0.38854147136211376,
      "p999": 0.6481860073208832
    },
    "fraction_within_threshold": 0.1717629042481976,
    "largest_certifying_reciprocal_shell": 1,
    "rows": 675204
  },
  "training_lattice_statistics": {
    "log_shape_covariance": [
      [
        0.13252689292433947,
        0.0011870510719772303,
        -0.1337139439984878,
        0.03865405882965826,
        0.029045713366451793,
        0.03400512360335866
      ],
      [
        0.0011870510719772303,
        0.12528214658543008,
        -0.12646919766091946,
        -0.015890019446197536,
        0.002439472046116482,
        0.008562908339290727
      ],
      [
        -0.1337139439984878,
        -0.12646919766091946,
        0.2601831416650942,
        -0.022764039379948413,
        -0.031485185416022785,
        -0.042568031950769
      ],
      [
        0.03865405882965826,
        -0.015890019446197536,
        -0.022764039379948413,
        0.164460858145681,
        0.12089406268226242,
        0.11781020118399868
      ],
      [
        0.029045713366451793,
        0.002439472046116482,
        -0.031485185416022785,
        0.12089406268226242,
        0.12771639311266447,
        0.11695588065746018
      ],
      [
        0.03400512360335866,
        0.008562908339290727,
        -0.042568031950769,
        0.11781020118399868,
        0.11695588065746018,
        0.19256867042365544
      ]
    ],
    "log_shape_covariance_eigenvalues": [
      1.2685232627721694e-15,
      0.020537427902726075,
      0.05918464561776769,
      0.12460292739698017,
      0.32990412752427345,
      0.46850897441511585
    ],
    "log_shape_mean": [
      -0.4294491260638268,
      -0.11786332687092696,
      0.5473124529665396,
      -0.013732683945023614,
      0.04159981275737194,
      0.05896690470144748
    ],
    "log_shape_whitening_basis_columns": [
      [
        -0.055077565891370396,
        -0.13289226852332603,
        0.6918148000946541,
        0.21868608548143262,
        -0.3457476706316658
      ],
      [
        0.07114461345099977,
        0.16525165836960415,
        -0.6659347580284221,
        0.3901697829768853,
        -0.1964572181278127
      ],
      [
        -0.016067047405622106,
        -0.03235938973464339,
        -0.025880042039585494,
        -0.6088558684660428,
        0.5422048887771329
      ],
      [
        0.5596403183316749,
        0.5793371694467364,
        0.08114657394087763,
        -0.41696611498216635,
        -0.4131896062214073
      ],
      [
        -0.8063057345756474,
        0.27245266508245825,
        -0.10054027183655727,
        -0.33647989413365553,
        -0.3902736761078397
      ],
      [
        0.16828705294259158,
        -0.7376465235163318,
        -0.24609000613665488,
        -0.3770397959148629,
        -0.47417061837729535
      ]
    ],
    "log_shape_whitening_scales": [
      0.1433088549348088,
      0.2432789461046058,
      0.3529913984744957,
      0.5743728123129379,
      0.6844771540490712
    ],
    "log_volume_mean": 5.262073328148788,
    "log_volume_minus_log_n_mean": 3.1274442448918003,
    "log_volume_minus_log_n_std": 0.36263499631001317,
    "train_rows": 540164
  }
}
