{
  "checks": {
    "quotient_tangent_full_rank": true,
    "severely_ill_conditioned": false,
    "target_direction_reachable": false,
    "tensor_candidates": 0
  },
  "decision": "rank_or_target_projection_deficient_repair_vector_output_basis",
  "decision_boundary": "This corrected no-training audit cannot change historical H1a failures, initialize production or authorize H1b-H6, tensor, oracle, relaxation, DFT or DFPT.",
  "graph_index": 521337,
  "initial_coordinate_mse": 0.7454572916030884,
  "module_gradient_norm": {
    "blocks": 0.04649400245038935,
    "coordinate_control_gate": 0.0005620989992651736,
    "coordinate_edge_head": 0.1939072805531727,
    "coordinate_vector_head": 0.0012831805456256099,
    "degree_embedding": 0.048798800811354966,
    "element_embedding": 0.0020448102610477704,
    "state_embedding": 0.08468002689973178,
    "time_embedding": 0.01108584241939882
  },
  "nodes": 11,
  "numeric_path": {
    "forward_dtype": "torch.float32",
    "gram_dtype": "torch.float64",
    "jacobian_dtype": "torch.float32"
  },
  "prediction_norm": 0.05498291179537773,
  "prediction_target_cosine": -0.05034753307700157,
  "protocol": "h1a_coordinate_tangent_audit_v2",
  "quotient_dimension": 30,
  "tangent": {
    "condition_number": 23153400.23565566,
    "effective_rank": 2.269670208784417,
    "eigenvalues": [
      3.2571354466391626e-11,
      4.5012895022365405e-11,
      6.108251183385027e-11,
      2.3540062415142273e-06,
      6.003552867494155e-06,
      8.65704325455764e-06,
      1.2523289049901971e-05,
      1.7105563683661464e-05,
      3.2902129999487755e-05,
      3.8799652654416695e-05,
      5.420517016808746e-05,
      8.219111429646076e-05,
      0.00010755478257089268,
      0.00015188981418386434,
      0.00017952162228985482,
      0.00022497495440576695,
      0.00030428840152467977,
      0.0004534355261225551,
      0.000536715621929794,
      0.0011262039253690196,
      0.0012304897863043257,
      0.0014336402896725803,
      0.0027838251785052364,
      0.005747720515165673,
      0.018338405343616145,
      0.024508727842329017,
      0.036403393156934236,
      0.24994931417683527,
      0.5917365608910338,
      1.3529588970893844,
      4.42627961117468,
      11.361322712397454,
      54.50324866701041
    ],
    "maximum_eigenvalue": 54.50324866701041,
    "minimum_active_eigenvalue": 2.3540062415142273e-06,
    "nullity": 3,
    "output_dimension": 33,
    "tangent_rank": 30,
    "target_projection_relative_residual": 2.61077700061851e-05
  },
  "target_norm": 4.956775665283203
}
