{
  "actual_coordinate_mse": 1.501221087796656e-08,
  "affine_forward_relative_error": 4.395407192741111e-05,
  "checks": {
    "actual_coordinate_mse": true,
    "affine_forward": true,
    "condition_number": false,
    "cuda": false,
    "effective_rank": false,
    "finite_zero_stratum": true,
    "full_model_translation": false,
    "operator_o3_covariance": true,
    "operator_permutation": true,
    "parameters_restored_exactly": true,
    "quotient_rank": true,
    "readout_step_norm": true,
    "target_projection": true,
    "tensor_candidates": true
  },
  "combined": {
    "condition_number": 6542382.1800022125,
    "effective_rank": 3.493903020382851,
    "eigenvalues": [
      0.021226326864683995,
      0.03808270299406565,
      0.07537661487108487,
      0.07685218773521715,
      0.1428499816731843,
      0.2546071655165797,
      0.32117606630371515,
      0.4244607230786557,
      0.7376544035527475,
      0.8262301038621968,
      1.1582953070898312,
      1.3677349835114323,
      1.7740095088100722,
      3.0420955714408917,
      3.6121692511017267,
      4.790702163728844,
      8.643116395027064,
      12.870441556289215,
      18.55368758362696,
      23.045143754005533,
      55.424404198681515,
      146.02681077425206,
      332.79626922538466,
      365.4230101880333,
      2813.041751615534,
      5699.749033966857,
      12680.645135941002,
      33328.670390956955,
      62464.83550888142,
      138870.7426264108
    ],
    "maximum_eigenvalue": 138870.7426264108,
    "minimum_active_eigenvalue": 0.021226326864683995,
    "nullity": 0,
    "output_dimension": 30,
    "parameter_dimension": 225,
    "rank": 30,
    "target_projection_relative_residual": 1.164643514269005e-15
  },
  "cuda_benchmark": {
    "finite": true,
    "graphs_per_second": 392.4469584787379,
    "peak_allocated_mib": 1767.69775390625
  },
  "decision": "unit_scaled_readout_failed_remove_before_training",
  "decision_boundary": "Qualification cannot authorize more states, resampled time, H1b-H6, tensor conditioning, oracle work, relaxation, DFT or DFPT.",
  "graph_index": 521337,
  "groups": {
    "edge": {
      "condition_number": 9759819.783255396,
      "effective_rank": 3.464920369098688,
      "eigenvalues": [
        0.013816253508827847,
        0.023353504327214655,
        0.03130273581572937,
        0.0574127698542928,
        0.08795106753884276,
        0.20189456073645867,
        0.2451237349999377,
        0.28535514979221144,
        0.4517806634102721,
        0.5985727299369332,
        0.7252364197216832,
        0.9463356632621606,
        1.1959607375540853,
        2.0155045817687824,
        2.4631233941375696,
        3.2591961905936055,
        7.225607258681442,
        7.399288982626511,
        8.445563809930942,
        17.195291625434965,
        53.92540579034013,
        142.59014117895637,
        316.72408737158236,
        356.6648167156567,
        2715.55617301833,
        5074.603023878734,
        12140.290336219168,
        32436.48389809747,
        58870.9330930425,
        134844.1443259298
      ],
      "maximum_eigenvalue": 134844.1443259298,
      "minimum_active_eigenvalue": 0.013816253508827847,
      "nullity": 0,
      "output_dimension": 30,
      "parameter_dimension": 193,
      "rank": 30,
      "target_projection_relative_residual": 1.134523051752472e-15
    },
    "vector": {
      "condition_number": 343214166.69218946,
      "effective_rank": 2.6573267571179167,
      "eigenvalues": [
        1.7943823609518867e-05,
        3.0671059144498176e-05,
        6.495231329926523e-05,
        8.575644274420824e-05,
        0.00017111982490873335,
        0.00022478585051444563,
        0.0004936465284824354,
        0.0007240026667813163,
        0.0008716842446418415,
        0.0016223568747860903,
        0.0019837362801025274,
        0.002497888151292584,
        0.0035453041578685815,
        0.005255201979376636,
        0.00809399269476002,
        0.009439698668693717,
        0.01270168120057844,
        0.022175162393216243,
        0.05883746384616459,
        0.12259488509172226,
        0.17842989994901806,
        0.4437948315885201,
        0.8810584105414206,
        1.302148112778239,
        2.379971274442711,
        39.980359070939286,
        115.20332558935911,
        1329.0625834285472,
        2186.090311468924,
        6158.574467412653
      ],
      "maximum_eigenvalue": 6158.574467412653,
      "minimum_active_eigenvalue": 1.7943823609518867e-05,
      "nullity": 0,
      "output_dimension": 30,
      "parameter_dimension": 32,
      "rank": 30,
      "target_projection_relative_residual": 9.39181157124741e-16
    }
  },
  "initial_coordinate_mse": 7.770752400451681,
  "linear_coordinate_mse": 6.799431519662615e-15,
  "nodes": 11,
  "operator_numeric": {
    "full_model_translation_invariance_max_abs": 3.838539123535156e-05,
    "operator_o3_covariance_max_abs": 3.5762786865234375e-07,
    "operator_permutation_max_abs": 2.384185791015625e-07,
    "zero_stratum_forward_backward_finite": true
  },
  "protocol": "h1a_coordinate_unit_scaled_readout_v1",
  "readout_parameter_norm": 0.8003559640387103,
  "readout_step_norm": 6.140103457147768
}
