{
  "schema": 1,
  "phase": "before",
  "device": "cuda",
  "torch_version": "2.5.1+cu124",
  "cuda_version": "12.4",
  "material_ids": [
    "JVASP-25138",
    "JVASP-36991",
    "JVASP-272",
    "JVASP-33818",
    "JVASP-1963",
    "JVASP-36313",
    "JVASP-16175",
    "JVASP-37007"
  ],
  "candidate_count": 792,
  "cold_catalogue_seconds": 0.35608417299954453,
  "panel_preprocessing_seconds": 2.8026246429999446,
  "results": [
    {
      "mode": "stabilizer_pooling",
      "warmup_steps": 10,
      "profile_steps": 20,
      "mean_step_seconds": 3.737665677750056,
      "median_step_seconds": 3.7078485280003406,
      "min_step_seconds": 3.419429116000174,
      "max_step_seconds": 4.220823448000374,
      "mean_data_seconds": 0.0011062905000017054,
      "cpu_peak_rss_mib": 7021.6171875,
      "gpu_peak_allocated_mib": 19.6083984375,
      "gpu_peak_reserved_mib": 24.0,
      "profiled_copy_ops": 50900,
      "trace": "reports/profiler_before/stabilizer_pooling_before_trace.json"
    },
    {
      "mode": "orbit_alignment",
      "warmup_steps": 10,
      "profile_steps": 20,
      "mean_step_seconds": 5.091988652749978,
      "median_step_seconds": 4.641668775499966,
      "min_step_seconds": 4.344339859000684,
      "max_step_seconds": 13.384796626000025,
      "mean_data_seconds": 0.000930212200000824,
      "cpu_peak_rss_mib": 7671.6015625,
      "gpu_peak_allocated_mib": 21.841796875,
      "gpu_peak_reserved_mib": 26.0,
      "profiled_copy_ops": 50980,
      "trace": "reports/profiler_before/orbit_alignment_before_trace.json"
    }
  ]
}