{
  "atoms": 34457,
  "born_rms_per_atom": {
    "count": 34444,
    "maximum": 222.3185860861368,
    "mean": 1.287973845971799,
    "median": 1.0771873293157959,
    "minimum": 1.961859615747932e-05,
    "p90": 2.187293918022453,
    "p95": 2.6521015868749163,
    "p99": 4.55151658742665,
    "p999": 21.857390729841082,
    "rms": 2.754980473830197
  },
  "cache_sha256": "4f780dba78b422e7b6f3e0db338cf769c968b9865f7096f5d5add0227f737e1c",
  "dielectric_anisotropic_rms_per_graph": {
    "count": 3171,
    "maximum": 91635.58330746695,
    "mean": 49.32313509694416,
    "median": 1.2211378040357534,
    "minimum": 0.0,
    "p90": 12.848002598650908,
    "p95": 36.49529456094619,
    "p99": 466.66941044382276,
    "p999": 2232.8341023163634,
    "rms": 1635.8177184641065
  },
  "dielectric_isotropic_trace": {
    "count": 3171,
    "maximum": 184919.3125,
    "mean": 194.73979388154996,
    "median": 12.748693466186523,
    "minimum": 1.1750071446100872,
    "p90": 64.39503224690755,
    "p95": 148.6549072265625,
    "p99": 1398.7920593579695,
    "p999": 32653.421074217316,
    "rms": 4094.650443843055
  },
  "dielectric_total_rms_per_graph": {
    "count": 3171,
    "maximum": 112401.16045970564,
    "mean": 135.16903804754784,
    "median": 7.611231729767389,
    "minimum": 0.6783907214579525,
    "p90": 42.13392045429308,
    "p95": 92.79773069757752,
    "p99": 1107.1014176646693,
    "p999": 18852.461687245686,
    "rms": 2874.8252747710585
  },
  "elastic_rms_gpa_per_graph": {
    "count": 2321,
    "maximum": 245.84690342106103,
    "mean": 31.895106053576686,
    "median": 23.508852957439448,
    "minimum": 0.37986384869903184,
    "p90": 62.5739641537147,
    "p95": 86.2107459893972,
    "p99": 143.46016881912365,
    "p999": 233.90433795824174,
    "rms": 42.91492149479202
  },
  "gamma_log_magnitude": {
    "count": 103332,
    "maximum": 4.383025169372559,
    "mean": 0.2889485748642077,
    "median": 0.10737088695168495,
    "minimum": 0.0,
    "p90": 0.7775118768215191,
    "p95": 1.190087723731994,
    "p99": 2.3239710330963135,
    "p999": 3.906837601661681,
    "rms": 0.5596369575698226
  },
  "graphs": 3173,
  "internal_strain_rms_per_atom": {
    "count": 11993,
    "maximum": 31.762361194686203,
    "mean": 5.1646592690459,
    "median": 4.041877376480953,
    "minimum": 0.0012401253150901269,
    "p90": 10.23147101393608,
    "p95": 13.525945046780276,
    "p99": 18.585882678822514,
    "p999": 31.762361194686203,
    "rms": 6.648211602542717
  },
  "piezoelectric_exact_zero_fraction": 0.5115033091711314,
  "piezoelectric_rms_per_graph": {
    "count": 3173,
    "maximum": 8.467024483379612,
    "mean": 0.07189443530888372,
    "median": 0.0,
    "minimum": 0.0,
    "p90": 0.21250506731179325,
    "p95": 0.31051167266306784,
    "p99": 0.5774590256473767,
    "p999": 3.758073778818357,
    "rms": 0.27834024627226184
  },
  "schema": "gaugeflow.stage_d_target_scale_audit.v1",
  "split": "train"
}
