{
  "actual_coordinate_mse": 4.764376355768635e-08,
  "affine_forward_relative_error": 0.0002540452494516664,
  "checks": {
    "actual_coordinate_mse": true,
    "affine_forward": false,
    "parameters_restored_exactly": true,
    "quotient_rank": true,
    "target_projection": false,
    "tensor_candidates": true
  },
  "combined": {
    "condition_number": 34950625.15853552,
    "effective_rank": 2.2336593078556826,
    "eigenvalues": [
      1.4536406216124825e-13,
      2.3071708261122953e-13,
      5.415036702629094e-13,
      2.030516419715876e-07,
      3.9745513513625514e-07,
      5.391654996013768e-07,
      1.103441049686622e-06,
      1.3148356061358388e-06,
      2.8418315331262384e-06,
      3.896365246689545e-06,
      4.276436383409249e-06,
      6.93283169808538e-06,
      9.01972802779936e-06,
      1.0666103603363997e-05,
      1.626752716756156e-05,
      1.93028868428362e-05,
      3.266068377110212e-05,
      3.502730854193339e-05,
      4.704341141573251e-05,
      0.00011219700545090162,
      0.0001249680222597937,
      0.00017400562055496822,
      0.00028848465537099357,
      0.0008047664244971074,
      0.002028247669574482,
      0.0033904708151952347,
      0.0049238616118783066,
      0.032516914076831153,
      0.07185718036752894,
      0.19926348341749295,
      0.5214645885596146,
      1.3974248371771258,
      7.096781826374117
    ],
    "maximum_eigenvalue": 7.096781826374117,
    "minimum_active_eigenvalue": 2.030516419715876e-07,
    "nullity": 3,
    "output_dimension": 33,
    "parameter_dimension": 225,
    "rank": 30,
    "target_projection_relative_residual": 2.5039713699014762e-05
  },
  "decision": "affine_coordinate_features_do_not_span_target",
  "decision_boundary": "This one-state no-training audit cannot qualify H1a, initialize production, add steps or seeds, or authorize H1b-H6, tensor conditioning, oracle work, relaxation, DFT or DFPT.",
  "graph_index": 521337,
  "groups": {
    "edge": {
      "condition_number": 36130403.41300789,
      "effective_rank": 2.2329804975267384,
      "eigenvalues": [
        1.452334798628412e-13,
        2.296007772706642e-13,
        5.407900471741428e-13,
        1.9638770235871697e-07,
        3.743523014201573e-07,
        5.229167550939586e-07,
        1.077199025151535e-06,
        1.2810809622232811e-06,
        2.8223587814680867e-06,
        3.747774153511579e-06,
        4.251562912834145e-06,
        6.361777316067736e-06,
        8.944510092786923e-06,
        1.0482872034401036e-05,
        1.608752708242338e-05,
        1.9270435712156273e-05,
        3.240783838848216e-05,
        3.402365671067871e-05,
        4.674448517580191e-05,
        0.00011036340175812917,
        0.00012294759291241753,
        0.00017360392983765057,
        0.0002875858784975992,
        0.000804700720261637,
        0.002027232531549059,
        0.0033807359717769885,
        0.004920673286169145,
        0.0324794376226965,
        0.0717178285432572,
        0.1991545516182554,
        0.5212169318962505,
        1.3958768215060784,
        7.095566911574166
      ],
      "maximum_eigenvalue": 7.095566911574166,
      "minimum_active_eigenvalue": 1.9638770235871697e-07,
      "nullity": 3,
      "output_dimension": 33,
      "parameter_dimension": 193,
      "rank": 30,
      "target_projection_relative_residual": 2.5007313150526837e-05
    },
    "vector": {
      "condition_number": 715425915.8508424,
      "effective_rank": 2.2511233445317163,
      "eigenvalues": [
        -2.790939266234348e-20,
        -1.4863402798676333e-20,
        2.8920675205946514e-22,
        3.3570979704511597e-12,
        1.1516167186424247e-11,
        2.0475381312783808e-11,
        3.229378306308749e-11,
        5.262518000663447e-11,
        6.259664854148591e-11,
        1.3548307474044337e-10,
        1.4689930055161812e-10,
        2.0607110212076493e-10,
        4.877870610298912e-10,
        5.87450718694351e-10,
        6.663362106014648e-10,
        9.205558503775606e-10,
        1.4151097590347973e-09,
        2.4775351201577544e-09,
        2.966696633193476e-09,
        3.360665280816946e-09,
        5.0814452872822575e-09,
        1.665980334022087e-08,
        2.6002241656270134e-08,
        3.140368851711519e-08,
        1.2299256969384836e-07,
        1.3733926338159672e-07,
        3.710023920149287e-07,
        6.295609398958636e-07,
        1.11017022627011e-05,
        1.7557659614051982e-05,
        0.000317138266442843,
        0.0005694959378534452,
        0.002401754890111025
      ],
      "maximum_eigenvalue": 0.002401754890111025,
      "minimum_active_eigenvalue": 3.3570979704511597e-12,
      "nullity": 3,
      "output_dimension": 33,
      "parameter_dimension": 32,
      "rank": 30,
      "target_projection_relative_residual": 1.2719724771539018e-05
    }
  },
  "initial_coordinate_mse": 0.7454572753963998,
  "linear_coordinate_mse": 4.675726525706487e-10,
  "nodes": 11,
  "protocol": "h1a_coordinate_affine_readout_audit_v1",
  "readout_parameter_norm": 0.8003559640387103,
  "readout_step_norm": 2079.130146868876
}
