{
  "decision": "failed_implementation_closure",
  "device": "NVIDIA GeForce RTX 4060 Ti",
  "elapsed_seconds": 15.260691860000001,
  "final_fixed_loss": 3.4687275886535645,
  "final_gradient_norm": 11.508001327514648,
  "final_head_losses": {
    "coordinate": 1.968657374382019,
    "element": 1.5943384170532227,
    "shape": 0.33815523982048035,
    "volume": 1.2424416542053223
  },
  "fixed_loss_ratio": 0.9169061306907631,
  "initial_fixed_loss": 3.783078193664551,
  "protocol": "s1a_tensor_free_production_v1_1",
  "sampling_failures": 1,
  "scientific_s1a_status": "not_run",
  "steps": 300,
  "subgate": "S1a-I0-production-closure",
  "terminal_masks": -1,
  "torch": "2.5.1+cu124"
}
