{
  "decision_boundary": "Diagnostic only; no H1b-H6.",
  "graphs": 32,
  "protocol": "h1a_oracle_context_reverse_closure_v1",
  "results": [
    {
      "endpoint_rms_mean_angstrom": 1.3210924863815308,
      "endpoint_rms_quantiles_angstrom": [
        0.22222402691841125,
        0.4411329314112663,
        1.2594423294067383,
        2.3584805846214296,
        2.5486230850219727
      ],
      "final_minimum_distance_quantiles_angstrom": [
        0.2819918096065521,
        0.7793347030878067,
        1.8006072640419006,
        2.761763596534729,
        3.045764684677124
      ],
      "initial_minimum_distance_quantiles_angstrom": [
        0.34282079339027405,
        0.48052171617746353,
        1.1355003118515015,
        1.948353546857834,
        2.1089162826538086
      ],
      "start_time": 0.02,
      "steps": 2
    },
    {
      "endpoint_rms_mean_angstrom": 1.9980309009552002,
      "endpoint_rms_quantiles_angstrom": [
        0.315380722284317,
        0.9509016901254654,
        1.963787019252777,
        3.090398895740509,
        3.510535955429077
      ],
      "final_minimum_distance_quantiles_angstrom": [
        0.2382804900407791,
        0.5182406276464463,
        1.7061847448349,
        2.442626941204071,
        2.63448166847229
      ],
      "initial_minimum_distance_quantiles_angstrom": [
        0.4147421419620514,
        0.43346851468086245,
        0.9786072671413422,
        1.7334580421447752,
        2.1550304889678955
      ],
      "start_time": 0.05,
      "steps": 5
    },
    {
      "endpoint_rms_mean_angstrom": 2.3969407081604004,
      "endpoint_rms_quantiles_angstrom": [
        0.8093494176864624,
        1.0862280130386353,
        2.3743354082107544,
        3.872056472301483,
        4.321712493896484
      ],
      "final_minimum_distance_quantiles_angstrom": [
        0.35467010736465454,
        0.7677519470453262,
        1.7370067834854126,
        2.330757260322571,
        2.5572783946990967
      ],
      "initial_minimum_distance_quantiles_angstrom": [
        0.5212052464485168,
        0.5551947683095932,
        0.8937565684318542,
        1.6447281181812283,
        1.8731966018676758
      ],
      "start_time": 0.1,
      "steps": 10
    },
    {
      "endpoint_rms_mean_angstrom": 2.4049196243286133,
      "endpoint_rms_quantiles_angstrom": [
        1.0510841608047485,
        1.2312303960323334,
        2.2573065757751465,
        3.73278659582138,
        4.289707660675049
      ],
      "final_minimum_distance_quantiles_angstrom": [
        0.19894537329673767,
        0.8219332247972488,
        1.7754711508750916,
        2.6266125202178956,
        2.7219579219818115
      ],
      "initial_minimum_distance_quantiles_angstrom": [
        0.24938033521175385,
        0.48983522653579714,
        0.8636963665485382,
        1.732049137353897,
        1.786698818206787
      ],
      "start_time": 0.2,
      "steps": 20
    },
    {
      "endpoint_rms_mean_angstrom": 2.387298107147217,
      "endpoint_rms_quantiles_angstrom": [
        0.49377185106277466,
        0.894004175066948,
        2.4790741205215454,
        3.711264419555664,
        4.4205193519592285
      ],
      "final_minimum_distance_quantiles_angstrom": [
        0.876474142074585,
        0.9639734238386154,
        1.7812443971633911,
        2.5865399122238157,
        2.696382761001587
      ],
      "initial_minimum_distance_quantiles_angstrom": [
        0.3546367585659027,
        0.4565973550081253,
        1.0004060864448547,
        1.5865619421005248,
        2.2908523082733154
      ],
      "start_time": 0.5,
      "steps": 50
    },
    {
      "endpoint_rms_mean_angstrom": 2.4951233863830566,
      "endpoint_rms_quantiles_angstrom": [
        0.5143588185310364,
        1.0121411919593812,
        2.3294988870620728,
        3.818006002902984,
        4.427989482879639
      ],
      "final_minimum_distance_quantiles_angstrom": [
        0.36117854714393616,
        1.041504019498825,
        1.7901946902275085,
        2.790674614906311,
        2.864875078201294
      ],
      "initial_minimum_distance_quantiles_angstrom": [
        0.25445762276649475,
        0.3285604387521744,
        0.9391950964927673,
        1.5932792782783507,
        1.950346827507019
      ],
      "start_time": 0.999,
      "steps": 100
    }
  ],
  "seed": 5301,
  "source_protocol": "h1a_p1_stratified_learning_curve_v1"
}
