sampling_steps,final_translation_aligned_rms
1,0.1050320714712143
2,0.11987215280532837
4,0.16617535054683685
8,0.17218896746635437
16,0.18663708865642548
32,0.21065950393676758
100,0.22484090924263
