{
  "checkpoint": "/mnt/e/DATA/T2C-Flow/runs/h1a_pairwise_reciprocal_coordinate_pretraining_v1/seed_5801/checkpoint_step_00008441.pt",
  "checks": {
    "coordinate_validation": false,
    "sampling_failures": true,
    "t005_teacher_forced": false,
    "t01_rollout": true,
    "t01_teacher_forced": true,
    "t02_rollout": true,
    "tensor_candidates": true
  },
  "decision": "coordinate_pretraining_failed_stop_before_joint_training",
  "decision_boundary": "No extra seed or step may rescue failure. No result authorizes H1b, tensor conditioning, oracle work, relaxation, DFT or DFPT.",
  "posthoc_fit_diagnostic": {
    "ema_train_coordinate": 0.49404745921492577,
    "ema_validation_coordinate": 0.5335411690175533,
    "graphs_per_split": 256,
    "noise_seed": 8612,
    "raw_train_coordinate": 0.4921188037842512,
    "raw_validation_coordinate": 0.5394219439476728,
    "train_index_seed": 8610
  },
  "posthoc_high_noise_score_diagnostic": [
    {
      "endpoint_rms_angstrom": 0.10133297539041718,
      "oracle_endpoint_rms_angstrom": 2.342636302518077e-07,
      "prediction_target_cosine": 0.6271728954392944,
      "prediction_to_target_norm": 0.5905209895700902,
      "score_explained_fraction": 0.39200248429510076,
      "score_mse_per_component": 3638.844298245614,
      "time": 0.2,
      "zero_score_mse_per_component": 5984.965734649123
    },
    {
      "endpoint_rms_angstrom": 0.4364305115684767,
      "oracle_endpoint_rms_angstrom": 2.355267718537412e-07,
      "prediction_target_cosine": 0.5243974475829011,
      "prediction_to_target_norm": 0.5374214114787196,
      "score_explained_fraction": 0.2748230965164381,
      "score_mse_per_component": 251.0245361328125,
      "time": 0.5,
      "zero_score_mse_per_component": 346.1562756990132
    },
    {
      "endpoint_rms_angstrom": 2.59075681491402,
      "oracle_endpoint_rms_angstrom": 2.176956434673461,
      "prediction_target_cosine": 0.04535483248351938,
      "prediction_to_target_norm": 0.08846466321181465,
      "score_explained_fraction": 0.00019863282043630637,
      "score_mse_per_component": 0.2738662309813918,
      "time": 0.9,
      "zero_score_mse_per_component": 0.273920640610812
    }
  ],
  "protocol": "h1a_pairwise_reciprocal_coordinate_pretraining_v1",
  "qualified": false,
  "rollout_closure": [
    {
      "endpoint_rms_quantiles_angstrom": [
        0.02312404476106167,
        0.07309475541114807,
        0.09259918406605722,
        0.09664270803332328,
        0.10900416970252991
      ],
      "failure": null,
      "mean_endpoint_rms_angstrom": 0.06624652445316315,
      "sampling_failures": 0,
      "start_time": 0.1,
      "steps": 100
    },
    {
      "endpoint_rms_quantiles_angstrom": [
        0.01736198179423809,
        0.09934479370713234,
        0.135675784945488,
        0.17222897484898567,
        0.1812785416841507
      ],
      "failure": null,
      "mean_endpoint_rms_angstrom": 0.09858134388923645,
      "sampling_failures": 0,
      "start_time": 0.2,
      "steps": 100
    }
  ],
  "score_calibration": [
    {
      "endpoint_rms_angstrom": 0.0449438638941984,
      "oracle_endpoint_rms_angstrom": 2.412661062543907e-07,
      "prediction_target_cosine": 0.5465381915406121,
      "prediction_to_target_norm": 0.5182531803328326,
      "score_explained_fraction": 0.2979039468665966,
      "score_mse_per_component": 23714.25630482456,
      "time": 0.005,
      "zero_score_mse_per_component": 33776.37033991228
    },
    {
      "endpoint_rms_angstrom": 0.04493549340691525,
      "oracle_endpoint_rms_angstrom": 2.3269143843642505e-07,
      "prediction_target_cosine": 0.5654308076056962,
      "prediction_to_target_norm": 0.5118781440348389,
      "score_explained_fraction": 0.3168440879657959,
      "score_mse_per_component": 22941.099506578947,
      "time": 0.01,
      "zero_score_mse_per_component": 33581.05975877193
    },
    {
      "endpoint_rms_angstrom": 0.04963490323759635,
      "oracle_endpoint_rms_angstrom": 2.1822412814640654e-07,
      "prediction_target_cosine": 0.5437445039802443,
      "prediction_to_target_norm": 0.5099250735064988,
      "score_explained_fraction": 0.29451432047911086,
      "score_mse_per_component": 21483.845394736843,
      "time": 0.02,
      "zero_score_mse_per_component": 30452.56058114035
    },
    {
      "endpoint_rms_angstrom": 0.05324215515386574,
      "oracle_endpoint_rms_angstrom": 2.2863748778314623e-07,
      "prediction_target_cosine": 0.5794355743445827,
      "prediction_to_target_norm": 0.575930784335373,
      "score_explained_fraction": 0.3357333012630278,
      "score_mse_per_component": 14593.610060307017,
      "time": 0.05,
      "zero_score_mse_per_component": 21969.504248903508
    },
    {
      "endpoint_rms_angstrom": 0.0638422252547615,
      "oracle_endpoint_rms_angstrom": 2.2822673826363104e-07,
      "prediction_target_cosine": 0.596049281892037,
      "prediction_to_target_norm": 0.5947879171402659,
      "score_explained_fraction": 0.3552731950655318,
      "score_mse_per_component": 8911.897752192983,
      "time": 0.1,
      "zero_score_mse_per_component": 13822.750479714912
    }
  ],
  "seed": 5801,
  "training": {
    "data_passes": 1.0,
    "final_logged_coordinate_loss": 0.5894824862480164,
    "graph_presentations": 540164,
    "peak_cuda_memory_mib": 2255.34619140625,
    "steps": 8441,
    "training_log_finite": true
  },
  "validation": {
    "coordinate": 0.5335411690175533,
    "element": 4.762742191553116,
    "shape": 1.2352298833429813,
    "tensor_candidate_count": 0.0,
    "total": 7.609202474355698,
    "volume": 1.07768914103508
  },
  "validation_curve": {
    "0": {
      "coordinate": 0.7405073419213295,
      "element": 4.766353517770767,
      "shape": 1.191622730344534,
      "tensor_candidate_count": 0.0,
      "total": 7.815682381391525,
      "volume": 1.1171988882124424
    },
    "1250": {
      "coordinate": 0.6570592746138573,
      "element": 4.759416699409485,
      "shape": 1.2000539042055607,
      "tensor_candidate_count": 0.0,
      "total": 7.733802288770676,
      "volume": 1.117272388190031
    },
    "5000": {
      "coordinate": 0.586862102150917,
      "element": 4.756048142910004,
      "shape": 1.2316228225827217,
      "tensor_candidate_count": 0.0,
      "total": 7.657652974128723,
      "volume": 1.083120122551918
    },
    "8441": {
      "coordinate": 0.5335411690175533,
      "element": 4.762742191553116,
      "shape": 1.2352298833429813,
      "tensor_candidate_count": 0.0,
      "total": 7.609202474355698,
      "volume": 1.07768914103508
    }
  }
}
