{
  "boundary": "This Gate does not qualify OOD parent carriers, tensor conditioning, physical representation transfer, relaxation, DFT, DFPT or materials discovery.",
  "checkpoints": {
    "0": {
      "checkpoint": "/home/workspace/lrh/DATA/T2C-Flow/runs/gaugeflow_base_a1_joint_product_v1/seed_5705/checkpoint_step_00000000.pt",
      "checkpoint_sha256": "983df33f35d5aa1f11d47c2495ca663cb3fcbe0cc91e08f34e1b8d571ef7ca51",
      "element_marginal_jsd": 0.04749271960950868,
      "exact_composition_fraction": 1.0,
      "finite_positive_lattice_fraction": 1.0,
      "formula_uniqueness_fraction": 1.0,
      "generated_minimum_distance_quantiles_angstrom": [
        0.010348745621740818,
        0.046952761560678485,
        0.14984359666705133,
        0.850443035364151,
        1.8396436393260955,
        2.364915609359741
      ],
      "minimum_distance_fraction_at_0_5_angstrom": 0.73046875,
      "node_count_jsd": 0.0039244612610483615,
      "node_count_jsd_to_formula_prototype_disjoint_validation_diagnostic": 0.3636396066471215,
      "node_count_reference": "declared_train_only_empirical_prior",
      "normalized_nearest_neighbor_wasserstein": 2.8066242836206725,
      "normalized_volume_wasserstein": 0.47367213402243263,
      "reference_minimum_distance_quantiles_angstrom": [
        0.753127932548523,
        1.1529786932468415,
        1.7706308305263518,
        2.538945436477661,
        3.141218113899231,
        3.5550241470336914
      ],
      "samples": 512,
      "sampling_failures": 0,
      "successful_samples": 512,
      "terminal_masks": 0
    },
    "2111": {
      "checkpoint": "/home/workspace/lrh/DATA/T2C-Flow/runs/gaugeflow_base_a1_joint_product_v1/seed_5705/checkpoint_step_00002111.pt",
      "checkpoint_sha256": "6a91554d0d2c6f7c75ac38cb3918569465ea4f3a445f56b4a475724b40522f47",
      "element_marginal_jsd": 0.04749271960950868,
      "exact_composition_fraction": 1.0,
      "finite_positive_lattice_fraction": 1.0,
      "formula_uniqueness_fraction": 1.0,
      "generated_minimum_distance_quantiles_angstrom": [
        0.387025386095047,
        1.079748421907425,
        1.538673895597458,
        2.2087903022766113,
        2.7474140048027036,
        3.2768030166625977
      ],
      "minimum_distance_fraction_at_0_5_angstrom": 0.998046875,
      "node_count_jsd": 0.0039244612610483615,
      "node_count_jsd_to_formula_prototype_disjoint_validation_diagnostic": 0.3636396066471215,
      "node_count_reference": "declared_train_only_empirical_prior",
      "normalized_nearest_neighbor_wasserstein": 0.5635578451838946,
      "normalized_volume_wasserstein": 0.09372245578758305,
      "reference_minimum_distance_quantiles_angstrom": [
        0.753127932548523,
        1.1529786932468415,
        1.7706308305263518,
        2.538945436477661,
        3.141218113899231,
        3.5550241470336914
      ],
      "samples": 512,
      "sampling_failures": 0,
      "successful_samples": 512,
      "terminal_masks": 0
    },
    "4221": {
      "checkpoint": "/home/workspace/lrh/DATA/T2C-Flow/runs/gaugeflow_base_a1_joint_product_v1/seed_5705/checkpoint_step_00004221.pt",
      "checkpoint_sha256": "5696367a7ecdbbb0365a0370f0a86730c911e2ecdf36ab08cfa2edbf4f3f5dee",
      "element_marginal_jsd": 0.04749271960950868,
      "exact_composition_fraction": 1.0,
      "finite_positive_lattice_fraction": 1.0,
      "formula_uniqueness_fraction": 1.0,
      "generated_minimum_distance_quantiles_angstrom": [
        0.8246559500694275,
        1.1017607975006103,
        1.4964330196380615,
        2.22635018825531,
        2.7745874404907225,
        3.3089728355407715
      ],
      "minimum_distance_fraction_at_0_5_angstrom": 1.0,
      "node_count_jsd": 0.0039244612610483615,
      "node_count_jsd_to_formula_prototype_disjoint_validation_diagnostic": 0.3636396066471215,
      "node_count_reference": "declared_train_only_empirical_prior",
      "normalized_nearest_neighbor_wasserstein": 0.5227710531690135,
      "normalized_volume_wasserstein": 0.06806062770401847,
      "reference_minimum_distance_quantiles_angstrom": [
        0.753127932548523,
        1.1529786932468415,
        1.7706308305263518,
        2.538945436477661,
        3.141218113899231,
        3.5550241470336914
      ],
      "samples": 512,
      "sampling_failures": 0,
      "successful_samples": 512,
      "terminal_masks": 0
    },
    "8441": {
      "checkpoint": "/home/workspace/lrh/DATA/T2C-Flow/runs/gaugeflow_base_a1_joint_product_v1/seed_5705/checkpoint_step_00008441.pt",
      "checkpoint_sha256": "7c8fb7afc3aee6d4723d700b59f2a0523da25e897a46de8e9d2c7e5db824b6da",
      "element_marginal_jsd": 0.04749271960950868,
      "exact_composition_fraction": 1.0,
      "finite_positive_lattice_fraction": 1.0,
      "formula_uniqueness_fraction": 1.0,
      "generated_minimum_distance_quantiles_angstrom": [
        0.8256142139434814,
        1.078634684085846,
        1.4069063723087312,
        2.20560359954834,
        2.8291521191596987,
        3.3732452392578125
      ],
      "minimum_distance_fraction_at_0_5_angstrom": 1.0,
      "node_count_jsd": 0.0039244612610483615,
      "node_count_jsd_to_formula_prototype_disjoint_validation_diagnostic": 0.3636396066471215,
      "node_count_reference": "declared_train_only_empirical_prior",
      "normalized_nearest_neighbor_wasserstein": 0.5550031310897487,
      "normalized_volume_wasserstein": 0.07334087474761769,
      "reference_minimum_distance_quantiles_angstrom": [
        0.753127932548523,
        1.1529786932468415,
        1.7706308305263518,
        2.538945436477661,
        3.141218113899231,
        3.5550241470336914
      ],
      "samples": 512,
      "sampling_failures": 0,
      "successful_samples": 512,
      "terminal_masks": 0
    }
  },
  "checks": {
    "element_marginal": true,
    "exact_composition": true,
    "finite_positive_lattice": true,
    "finite_training_and_sampling": true,
    "formula_uniqueness": true,
    "minimum_distance": true,
    "nearest_neighbor_wasserstein": true,
    "node_count": true,
    "sampling_failures": true,
    "terminal_masks": true,
    "volume_wasserstein": true
  },
  "decision": "qualify GaugeFlow-base A1 only in its tensor-free free-generation scope",
  "protocol": "gaugeflow_base_a1_joint_evaluation_v1_1",
  "protocol_canonical_sha256": "d8770888882946aac9e48f67ed9d764fd0a83efbee7bfcbcdf616b7a71786c30",
  "qualified": true,