{
  "boundary": "This selects GaugeFlow-base capacity only. It does not qualify joint sampling, tensor conditioning, RL, relaxation, DFT or DFPT.",
  "candidates": [
    {
      "candidate": "small_34m",
      "checkpoint_sha256": "32fbdb547ed07a90891e2d39998bec0ffd46bf2da8a74b2269a63aca4c936897",
      "checks": {
        "clean_side_conditional_rollout_node_nearest_w1": true,
        "clean_side_conditional_rollout_valid_distance": true,
        "finite": true,
        "t06_score_explained_fraction": true,
        "validation_coordinate_ratio": true,
        "zero_sampling_failures": true
      },
      "clean_side_conditional_rollout": {
        "finite": true,
        "generated_node_nearest_quantiles_angstrom": [
          1.6785729222842045,
          1.7790439358339332,
          2.5367413800771503,
          3.303191867700706,
          3.73958749179645
        ],
        "graphs": 64,
        "node_nearest_w1_angstrom": 0.08956785657499013,
        "node_nearest_w1_normalized": 0.1487132225866468,
        "panel_indices_sha256": "28eb7cffab4265662c8b56245ba68d8903a523cc3cc97edbe1ba16efbf964c2d",
        "reference_node_nearest_quantiles_angstrom": [
          1.8397001593617321,
          1.9600590133879587,
          2.619650758106609,
          3.4356085136444743,
          3.7996418769322013
        ],
        "sampling_failures": [],
        "valid_minimum_distance_fraction": 1.0
      },
      "eligible": true,
      "parameter_count": 34284207,
      "peak_cuda_memory_mib": 18078.93994140625,
      "score_calibration": [
        {
          "endpoint_rms_angstrom": 0.034073817679566916,
          "oracle_endpoint_rms_angstrom": 2.3084982656255917e-07,
          "prediction_target_cosine": 0.7629840976410669,
          "prediction_to_target_norm": 0.8087522262704792,
          "score_explained_fraction": 0.5800500562864419,
          "score_mse_per_component": 14186.12033991228,
          "time": 0.005,
          "zero_score_mse_per_component": 33780.50301535088
        },
        {
          "endpoint_rms_angstrom": 0.044418488773825274,
          "oracle_endpoint_rms_angstrom": 2.2615340590645854e-07,
          "prediction_target_cosine": 0.8310302511672718,
          "prediction_to_target_norm": 0.8724456019118555,
          "score_explained_fraction": 0.6888960907207361,
          "score_mse_per_component": 4396.626918859649,
          "time": 0.1,
          "zero_score_mse_per_component": 14132.342242324561
        },
        {
          "endpoint_rms_angstrom": 0.1130656964218334,
          "oracle_endpoint_rms_angstrom": 2.3399469732543401e-07,
          "prediction_target_cosine": 0.9277996876918309,
          "prediction_to_target_norm": 0.9971255112275045,
          "score_explained_fraction": 0.8560061567254534,
          "score_mse_per_component": 122.63523141961349,
          "time": 0.4,
          "zero_score_mse_per_component": 851.6699647066886
        },
        {
          "endpoint_rms_angstrom": 0.1641533031258574,
          "oracle_endpoint_rms_angstrom": 2.2989572550684018e-07,
          "prediction_target_cosine": 0.9388281154870215,
          "prediction_to_target_norm": 1.0069762198714685,
          "score_explained_fraction": 0.8767540544214605,
          "score_mse_per_component": 41.67057479055304,
          "time": 0.5,
          "zero_score_mse_per_component": 338.10909231085526
        },
        {
          "endpoint_rms_angstrom": 0.41851646085900984,
          "oracle_endpoint_rms_angstrom": 2.4368678952359064e-07,
          "prediction_target_cosine": 0.8574852315505428,
          "prediction_to_target_norm": 0.9362351023199701,
          "score_explained_fraction": 0.7290794224394492,
          "score_mse_per_component": 39.473203692519874,
          "time": 0.6,
          "zero_score_mse_per_component": 145.70027883429276
        }
      ],
      "training_throughput_graphs_per_second": 238.25575463510836,
      "validation": {
        "0": {
          "coordinate": 1.0462714694440365,
          "element": 0.0,
          "shape": 1.3271703235805035,
          "tensor_candidate_count": 0.0,
          "total": 3.3935088515281677,
          "volume": 1.0200670380145311
        },
        "2111": {
          "coordinate": 0.42279605753719807,
          "element": 0.0,
          "shape": 1.3305433876812458,
          "tensor_candidate_count": 0.0,
          "total": 2.7464417219161987,
          "volume": 0.9931022170931101
        },
        "8441": {
          "coordinate": 0.28204849921166897,
          "element": 0.0,
          "shape": 1.3301693722605705,
          "tensor_candidate_count": 0.0,
          "total": 2.58874125033617,
          "volume": 0.9765233527868986
        }
      },
      "validation_coordinate_ratio": 0.26957487368124716
    },
    {
      "candidate": "base_58m",
      "checkpoint_sha256": "7808698844eecb4048ebec3f3bdb1cc8e9c76d3d8956037c5f040a279b46bc84",
      "checks": {
        "clean_side_conditional_rollout_node_nearest_w1": true,
        "clean_side_conditional_rollout_valid_distance": true,
        "finite": true,
        "t06_score_explained_fraction": true,
        "validation_coordinate_ratio": true,
        "zero_sampling_failures": true
      },
      "clean_side_conditional_rollout": {
        "finite": true,
        "generated_node_nearest_quantiles_angstrom": [
          1.6472515585620184,
          1.7415094994875437,
          2.5360070614563464,
          3.3105475952181687,
          3.718737697427865
        ],
        "graphs": 64,
        "node_nearest_w1_angstrom": 0.09014999063341336,
        "node_nearest_w1_normalized": 0.14967976387853404,
        "panel_indices_sha256": "28eb7cffab4265662c8b56245ba68d8903a523cc3cc97edbe1ba16efbf964c2d",
        "reference_node_nearest_quantiles_angstrom": [
          1.8397001593617321,
          1.9600590133879587,
          2.619650758106609,
          3.4356085136444743,
          3.7996418769322013
        ],
        "sampling_failures": [],
        "valid_minimum_distance_fraction": 1.0
      },
      "eligible": true,
      "parameter_count": 57682095,
      "peak_cuda_memory_mib": 16957.60302734375,
      "score_calibration": [
        {
          "endpoint_rms_angstrom": 0.032262293399743215,
          "oracle_endpoint_rms_angstrom": 2.3084982656255917e-07,
          "prediction_target_cosine": 0.7909050562976948,
          "prediction_to_target_norm": 0.8405028784699777,
          "score_explained_fraction": 0.623070868170438,
          "score_mse_per_component": 12732.855674342105,
          "time": 0.005,
          "zero_score_mse_per_component": 33780.50301535088
        },
        {
          "endpoint_rms_angstrom": 0.04206895482070576,
          "oracle_endpoint_rms_angstrom": 2.2615340777915408e-07,
          "prediction_target_cosine": 0.8493860347773164,
          "prediction_to_target_norm": 0.8976819700473854,
          "score_explained_fraction": 0.7191241508341482,
          "score_mse_per_component": 3969.4336280153507,
          "time": 0.1,
          "zero_score_mse_per_component": 14132.342242324561
        },
        {
          "endpoint_rms_angstrom": 0.10758210743465145,
          "oracle_endpoint_rms_angstrom": 2.3408183425976084e-07,
          "prediction_target_cosine": 0.9364427554110389,
          "prediction_to_target_norm": 1.0025697277978918,
          "score_explained_fraction": 0.8725523010611137,
          "score_mse_per_component": 108.54337725722999,
          "time": 0.4,
          "zero_score_mse_per_component": 851.6699647066886
        },
        {
          "endpoint_rms_angstrom": 0.15703243583141308,
          "oracle_endpoint_rms_angstrom": 2.2536789259934515e-07,
          "prediction_target_cosine": 0.9443908545905091,
          "prediction_to_target_norm": 1.0118788369347462,
          "score_explained_fraction": 0.887319440263034,
          "score_mse_per_component": 38.09832201505962,
          "time": 0.5,