{
  "checks": {
    "condition_number": false,
    "cuda": false,
    "effective_rank": false,
    "finite_zero_stratum": true,
    "full_model_translation_invariance": true,
    "operator_o3_covariance": true,
    "parameter_count": true,
    "quotient_tangent_full_rank": true,
    "quotient_target_direction_reachable": false,
    "tensor_candidates": true,
    "vector_to_edge_gradient_balance": true
  },
  "cuda_benchmark": {
    "finite": 1.0,
    "graphs_per_second": 460.62528630290393,
    "peak_allocated_mib": 3449.9501953125
  },
  "decision": "vector_rms_preconditioner_failed_remove_before_training",
  "decision_boundary": "Qualification cannot authorize more states, resampled time, H1b-H6, tensor, oracle, relaxation, DFT or DFPT.",
  "graph_index": 521337,
  "initial_coordinate_mse": 0.7534284591674805,
  "module_gradient_norm": {
    "blocks": 0.797365714638026,
    "coordinate_control_gate": 0.07675976139300493,
    "coordinate_edge_head": 0.3268507327649327,
    "coordinate_vector_head": 0.18328830151910783,
    "degree_embedding": 0.20279606498143343,
    "element_embedding": 0.01835437068188982,
    "state_embedding": 0.25971540356963346,
    "time_embedding": 0.03143682113899255
  },
  "nodes": 11,
  "numeric_path": {
    "forward_dtype": "torch.float32",
    "gram_dtype": "torch.float64",
    "jacobian_dtype": "torch.float32"
  },
  "operator_numeric": {
    "full_model_translation_invariance_max_abs": 3.4319236874580383e-07,
    "operator_o3_covariance_max_abs": 4.76837158203125e-07,
    "zero_stratum_forward_backward_finite": true
  },
  "prediction_norm": 0.47188395261764526,
  "prediction_target_cosine": -0.015143527649343014,
  "protocol": "h1a_coordinate_vector_rms_preconditioner_v1",
  "qualified": false,
  "quotient_dimension": 30,
  "tangent": {
    "condition_number": 21562810.724009663,
    "effective_rank": 2.3261695824277644,
    "eigenvalues": [
      1.0372922406762401e-10,
      1.1760451414285447e-10,
      1.2728030704238262e-10,
      3.143615684440329e-05,
      0.00010655403773505419,
      0.00014446927294189778,
      0.00016359437701591478,
      0.00023820254161479917,
      0.0003477847332900064,
      0.0008257994963473706,
      0.0009633429150443946,
      0.0010599810923162495,
      0.0015298208576578693,
      0.0016526260952258764,
      0.002580136029859432,
      0.003461744679712884,
      0.004210582074974914,
      0.005722347495597127,
      0.007568599367340727,
      0.010678096146849343,
      0.016497299672247508,
      0.019430840362716466,
      0.04368443625496597,
      0.07730675866523594,
      0.09578472621253407,
      0.11377589053310777,
      0.1741034748339488,
      1.2736371724186606,
      8.314963555727344,
      13.826580168586704,
      72.20664068669137,
      152.24980352172477,
      677.851899926149
    ],
    "maximum_eigenvalue": 677.851899926149,
    "minimum_active_eigenvalue": 3.143615684440329e-05,
    "nullity": 3,
    "output_dimension": 33,
    "tangent_rank": 30,
    "target_projection_relative_residual": 1.2954200057529216e-05
  },
  "target_norm": 4.956775665283203,
  "vector_to_edge_gradient_norm_ratio": 0.5607706611780083
}
