sampling_steps,final_translation_aligned_rms
1,0.2513737678527832
2,0.2510411739349365
4,0.2509284019470215
8,0.24927978217601776
16,0.24828392267227173
32,0.24780678749084473
100,0.2474498599767685
