{
  "checks": {
    "quotient_tangent_full_rank": false,
    "severely_ill_conditioned": true,
    "target_direction_reachable": false,
    "tensor_candidates": 0
  },
  "decision": "rank_or_target_projection_deficient_repair_vector_output_basis",
  "decision_boundary": "This no-training audit cannot change historical H1a failures, initialize production or authorize H1b-H6, tensor, oracle, relaxation, DFT or DFPT.",
  "graph_index": 521337,
  "initial_coordinate_mse": 0.7454572916030884,
  "module_gradient_norm": {
    "blocks": 0.046494137423138085,
    "coordinate_control_gate": 0.0005620990882858718,
    "coordinate_edge_head": 0.19390778421074598,
    "coordinate_vector_head": 0.001283180782251994,
    "degree_embedding": 0.0487990660879483,
    "element_embedding": 0.0020448133005035304,
    "state_embedding": 0.08468042190385705,
    "time_embedding": 0.011085894725662562
  },
  "nodes": 11,
  "prediction_norm": 0.05498295649886131,
  "prediction_target_cosine": -0.05034966394305229,
  "protocol": "h1a_coordinate_tangent_audit_v1",
  "quotient_dimension": 30,
  "tangent": {
    "condition_number": 7760163.394770091,
    "effective_rank": 2.2696554346017375,
    "eigenvalues": [
      -1.2116634172864612e-06,
      -3.4383952879448135e-07,
      1.3859793931820383e-07,
      2.9039339537569875e-06,
      4.261351091343401e-06,
      7.02344792972357e-06,
      1.2724961419607238e-05,
      1.6075562825636277e-05,
      3.2761454344096214e-05,
      3.902399836947833e-05,
      5.4072646931655185e-05,
      8.279910383132843e-05,
      0.00010733760505921113,
      0.0001513645351366746,
      0.00017833781094057222,
      0.00022421746888106567,
      0.0003032796864388493,
      0.00045237046623460724,
      0.000534478904365497,
      0.0011229081124684629,
      0.0012298305054021783,
      0.0014336402584491127,
      0.002782637497885629,
      0.005747554937024203,
      0.018337047370561407,
      0.024507245735544463,
      0.03640266656999951,
      0.24993769596422818,
      0.5917300884580099,
      1.3529441002271314,
      4.42626454160529,
      11.36126274324823,
      54.50310352931463
    ],
    "maximum_eigenvalue": 54.50310352931463,
    "minimum_active_eigenvalue": 7.02344792972357e-06,
    "nullity": 5,
    "output_dimension": 33,
    "tangent_rank": 28,
    "target_projection_relative_residual": 0.17442475251572231
  },
  "target_norm": 4.956775665283203
}
