{
  "cache_manifest_sha256": "6cb3b57776fcbb8db2dc45a0beb9ecd8b3f54732d412c4f03095940919b467da",
  "decision_rule": {
    "boundary": "data qualification only; does not authorize E1 training or later Gates",
    "sparse_exact_state_practical": "train fraction with at most four species >= 0.95 and maximum species <= 10"
  },
  "protocol": "h1a_explicit_composition_state_data_audit_v1",
  "protocol_sha256": "6af5bcd4912cc406c5b5a35d46c64abf1b48eca0acc2587b7fc0ed27cf870925",
  "sparse_exact_state_practical": true,
  "splits": {
    "test": {
      "active_element_count": 76,
      "active_element_tokens": [
        0,
        2,
        3,
        4,
        5,
        6,
        7,
        8,
        10,
        11,
        12,
        13,
        14,
        15,
        16,
        18,
        19,
        20,
        21,
        22,
        23,
        24,
        25,
        26,
        27,
        28,
        29,
        30,
        31,
        32,
        33,
        34,
        36,
        37,
        38,
        39,
        40,
        41,
        43,
        44,
        45,
        46,
        47,
        48,
        49,
        50,
        51,
        52,
        54,
        55,
        56,
        57,
        58,
        59,
        61,
        62,
        63,
        64,
        65,
        66,
        67,
        68,
        69,
        70,
        71,
        72,
        73,
        74,
        75,
        76,
        77,
        78,
        79,
        80,
        81,
        82
      ],
      "distinct_species_histogram": {
        "2": 15965,
        "3": 3891,
        "4": 47562,
        "5": 95,
        "6": 7
      },
      "distinct_species_max": 6,
      "distinct_species_mean": 3.471090078353882,
      "fraction_with_at_most_species": {
        "1": 0.0,
        "2": 0.2364484667778015,
        "3": 0.2940758168697357,
        "4": 0.9984893202781677,
        "5": 0.9998963475227356,
        "6": 1.0
      },
      "graphs": 67520,
      "node_count_max": 20,
      "node_count_mean": 9.548548698425293,
      "nodes": 644718,
      "species_multiplicity_histogram": {
        "1": 81480,
        "10": 5700,
        "11": 5,
        "12": 903,
        "15": 17,
        "17": 10,
        "2": 68358,
        "3": 1814,
        "4": 58137,
        "5": 3973,
        "6": 5637,
        "7": 252,
        "8": 7973,
        "9": 109
      }
    },
    "train": {
      "active_element_count": 76,
      "active_element_tokens": [
        0,
        2,
        3,
        4,
        5,
        6,
        7,
        8,
        10,
        11,
        12,
        13,
        14,
        15,
        16,
        18,
        19,
        20,
        21,
        22,
        23,
        24,
        25,
        26,
        27,
        28,
        29,
        30,
        31,
        32,
        33,
        34,
        36,
        37,
        38,
        39,
        40,
        41,
        43,
        44,
        45,
        46,
        47,
        48,
        49,
        50,
        51,
        52,
        54,
        55,
        56,
        57,
        58,
        59,
        61,
        62,
        63,
        64,
        65,
        66,
        67,
        68,
        69,
        70,
        71,
        72,
        73,
        74,
        75,
        76,
        77,
        78,
        79,
        80,
        81,
        82
      ],
      "distinct_species_histogram": {
        "1": 678,
        "2": 33094,
        "3": 276663,
        "4": 228329,
        "5": 1340,
        "6": 59,
        "7": 1
      },
      "distinct_species_max": 7,
      "distinct_species_mean": 3.364222764968872,
      "fraction_with_at_most_species": {
        "1": 0.0012551744002848864,
        "2": 0.06252175569534302,
        "3": 0.5747050642967224,
        "4": 0.9974082112312317,
        "5": 0.9998888969421387,
        "6": 0.999998152256012
      },
      "graphs": 540164,
      "node_count_max": 20,
      "node_count_mean": 9.555655479431152,
      "nodes": 5161621,
      "species_multiplicity_histogram": {
        "1": 631103,
        "10": 17217,
        "11": 234,
        "12": 28744,
        "13": 801,
        "14": 720,
        "15": 1459,
        "16": 151,
        "17": 173,
        "2": 530072,
        "20": 8,
        "3": 151444,
        "4": 209361,
        "5": 29232,
        "6": 130987,
        "7": 8598,
        "8": 73589,
        "9": 3339
      }
    },
    "val": {
      "active_element_count": 76,
      "active_element_tokens": [
        0,
        2,
        3,
        4,
        5,
        6,
        7,
        8,
        10,
        11,
        12,
        13,
        14,
        15,
        16,
        18,
        19,
        20,
        21,
        22,
        23,
        24,
        25,
        26,
        27,
        28,
        29,
        30,
        31,
        32,
        33,
        34,
        36,
        37,
        38,
        39,
        40,
        41,
        43,
        44,
        45,
        46,
        47,
        48,
        49,
        50,
        51,
        52,
        54,
        55,
        56,
        57,
        58,
        59,
        61,
        62,
        63,
        64,
        65,
        66,
        67,
        68,
        69,
        70,
        71,
        72,
        73,
        74,
        75,
        76,
        77,
        78,
        79,
        80,
        81,
        82
      ],
      "distinct_species_histogram": {
        "2": 237,
        "3": 41821,
        "4": 25406,
        "5": 52,
        "6": 2,
        "7": 2
      },
      "distinct_species_max": 7,
      "distinct_species_mean": 3.374511241912842,
      "fraction_with_at_most_species": {
        "1": 0.0,
        "2": 0.003510071197524667,
        "3": 0.6228969097137451,
        "4": 0.9991706013679504,
        "5": 0.9999407529830933,
        "6": 0.9999703764915466
      },
      "graphs": 67520,
      "node_count_max": 20,
      "node_count_mean": 9.970630645751953,
      "nodes": 673217,
      "species_multiplicity_histogram": {
        "1": 58618,
        "10": 551,
        "11": 60,
        "12": 10639,
        "13": 4,
        "14": 85,
        "17": 12,
        "2": 104183,
        "3": 12791,
        "4": 18879,
        "5": 828,
        "6": 9573,
        "7": 1153,
        "8": 6828,
        "9": 3643
      }
    }
  }
}
